e4c2c3,127.0.0.1,GET,http://localhost:8888/eccube-3.0.10/html/index_dev.php/block/cart,1473811327,7c1d4d,200
fe87ef,127.0.0.1,GET,http://localhost:8888/eccube-3.0.10/html/index_dev.php/block/search_product,1473811328,7c1d4d,200
6c1e5b,127.0.0.1,GET,http://localhost:8888/eccube-3.0.10/html/index_dev.php/block/login,1473811328,7c1d4d,200
8a4b16,127.0.0.1,GET,http://localhost:8888/eccube-3.0.10/html/index_dev.php/block/category,1473811328,7c1d4d,200
7c1d4d,::1,GET,http://localhost:8888/eccube-3.0.10/html/index_dev.php/cart,1473811328,,200
b7d3c5,127.0.0.1,GET,http://localhost:8888/eccube-3.0.10/html/index_dev.php/block/cart,1473811334,f67518,200
cdfc13,127.0.0.1,GET,http://localhost:8888/eccube-3.0.10/html/index_dev.php/block/search_product,1473811334,f67518,200
cb67af,127.0.0.1,GET,http://localhost:8888/eccube-3.0.10/html/index_dev.php/block/login,1473811334,f67518,200
dd393c,127.0.0.1,GET,http://localhost:8888/eccube-3.0.10/html/index_dev.php/block/category,1473811334,f67518,200
f67518,::1,GET,http://localhost:8888/eccube-3.0.10/html/index_dev.php/products/list?category_id=4,1473811334,,200
ebe44e,127.0.0.1,GET,http://localhost:8888/eccube-3.0.10/html/index_dev.php/block/cart,1473811336,2897c9,200
8c8398,127.0.0.1,GET,http://localhost:8888/eccube-3.0.10/html/index_dev.php/block/search_product,1473811336,2897c9,200
6bcfa5,127.0.0.1,GET,http://localhost:8888/eccube-3.0.10/html/index_dev.php/block/login,1473811336,2897c9,200
ea8ce1,127.0.0.1,GET,http://localhost:8888/eccube-3.0.10/html/index_dev.php/block/category,1473811336,2897c9,200
2897c9,::1,GET,http://localhost:8888/eccube-3.0.10/html/index_dev.php/products/detail/3,1473811336,,200
